,X[[i]]
1,7858
2,20688
3,32637
4,32447
5,25670
6,39711
7,7858
8,16088
9,20688
10,25670
11,39711
12,34626
13,20688
14,39711
15,30494
16,44459
17,35003
18,42768
19,20688
20,32637
21,32447
22,25670
23,39711
24,34626
25,20688
26,32637
27,32447
28,39711
29,34626
30,30494
31,20688
32,32637
33,32447
34,39711
35,34626
36,30494
37,32448
38,20688
39,35003
40,42768
41,39456
42,49950
43,16088
44,20688
45,32637
46,39711
47,27407
48,18508
49,7858
50,20688
51,32637
52,32447
53,25670
54,39711
55,32448
56,20688
57,32637
58,32447
59,39711
60,34626
61,20688
62,32637
63,30494
64,44459
65,35003
66,42768
67,20688
68,30494
69,35003
70,24329
71,47638
72,34753
73,20688
74,32447
75,25670
76,39711
77,18508
78,30494
79,7858
80,20688
81,32637
82,32447
83,27407
84,34626
85,32637
86,27407
87,30494
88,35003
89,30055
90,38015
91,32637
92,25670
93,39711
94,34626
95,44459
96,35003
97,7858
98,32448
99,20688
100,32637
101,32447
102,25670
103,7858
104,16088
105,32448
106,20688
107,32637
108,32447
109,20688
110,32637
111,32447
112,39711
113,27407
114,34626
115,7858
116,16088
117,32448
118,32637
119,32447
120,25670
121,20688
122,25670
123,39711
124,30494
125,44459
126,35003
127,32448
128,32637
129,25670
130,27407
131,18508
132,30494
133,20688
134,30494
135,44459
136,35003
137,39456
138,30055
139,20688
140,25670
141,30494
142,44459
143,42768
144,49950
145,32448
146,32447
147,39711
148,34626
149,30494
150,44459
151,7858
152,16088
153,20688
154,32637
155,25670
156,39711
157,30494
158,44459
159,42768
160,30055
161,24329
162,47638
163,7858
164,20688
165,32637
166,25670
167,27407
168,18508
169,35003
170,34914
171,38747
172,38652
173,44497
174,38756
175,32448
176,20688
177,32637
178,32447
179,39711
180,34626
181,7858
182,20688
183,39711
184,27407
185,18508
186,30494
187,20688
188,30494
189,35003
190,24329
191,34753
192,34914
193,7858
194,32448
195,20688
196,32637
197,32447
198,39711
199,42768
200,24329
201,47638
202,34753
203,38747
204,49994
205,25670
206,39711
207,34626
208,18508
209,30494
210,44459
211,32637
212,27407
213,30494
214,42768
215,49950
216,38015
217,32448
218,20688
219,32637
220,32447
221,25670
222,39711
223,20688
224,32637
225,25670
226,39711
227,27407
228,34626
229,16088
230,35003
231,34753
232,11579
233,34914
234,38747
235,20688
236,32637
237,32447
238,25670
239,39711
240,34626
241,32448
242,20688
243,25670
244,39711
245,27407
246,34626
247,44459
248,42768
249,49950
250,47638
251,34753
252,43044
253,20688
254,30494
255,44459
256,42768
257,49950
258,24329
259,7858
260,16088
261,20688
262,32637
263,25670
264,27407
265,20688
266,32637
267,25670
268,39711
269,27407
270,18508
271,20688
272,32637
273,18508
274,30494
275,35003
276,42768
277,7858
278,32637
279,32447
280,25670
281,39711
282,27407
283,7858
284,20688
285,30494
286,35003
287,42768
288,39456
289,32448
290,20688
291,32637
292,32447
293,25670
294,34626
295,32448
296,39711
297,34626
298,18508
299,44459
300,35003
301,20688
302,32637
303,32447
304,27407
305,34626
306,30494
307,7858
308,16088
309,32448
310,20688
311,32637
312,32447
313,16088
314,20688
315,32637
316,32447
317,25670
318,27407
319,16088
320,20688
321,32637
322,32447
323,39711
324,34626
325,7858
326,16088
327,32448
328,32637
329,25670
330,27407
331,20688
332,32447
333,25670
334,39711
335,18508
336,30494
337,7858
338,16088
339,32448
340,20688
341,32447
342,25670
343,20688
344,25670
345,39711
346,27407
347,18508
348,30494
349,20688
350,25670
351,39711
352,44459
353,35003
354,42768
355,7858
356,16088
357,20688
358,32637
359,32447
360,25670
361,7858
362,32448
363,20688
364,32637
365,32447
366,39711
367,20688
368,32637
369,25670
370,39711
371,27407
372,34626
373,32447
374,49950
375,41633
376,26856
377,34914
378,35619
379,20688
380,39711
381,44459
382,35003
383,42768
384,49950
385,39711
386,44459
387,35003
388,42768
389,49950
390,41633
391,7858
392,20688
393,32447
394,25670
395,39711
396,27407
397,7858
398,20688
399,27407
400,30494
401,44459
402,35003
403,32637
404,27407
405,35003
406,42768
407,39456
408,30055
409,7858
410,16088
411,32637
412,32447
413,25670
414,39711
415,20688
416,39711
417,30494
418,35003
419,42768
420,49950
421,20688
422,32637
423,27407
424,34626
425,44459
426,35003
427,20688
428,32637
429,39711
430,27407
431,34626
432,30494
433,32448
434,20688
435,32447
436,39711
437,34626
438,18508
439,20688
440,25670
441,35003
442,24329
443,47638
444,34753
445,16088
446,32448
447,20688
448,32637
449,27407
450,34626
451,32637
452,25670
453,39711
454,27407
455,44459
456,35003
457,20688
458,32447
459,18508
460,35003
461,42768
462,38015
463,20688
464,32637
465,25670
466,30494
467,49950
468,41633
469,16088
470,20688
471,32637
472,25670
473,39711
474,34626
475,20688
476,32637
477,32447
478,25670
479,39711
480,27407
481,7858
482,16088
483,32448
484,20688
485,39711
486,27407
487,39711
488,44459
489,35003
490,42768
491,39456
492,49950
493,20688
494,30494
495,35003
496,34753
497,34914
498,38747
499,35003
500,42768
501,34753
502,34914
503,38747
504,38652
505,20688
506,32637
507,32447
508,25670
509,39711
510,34626
511,20688
512,32447
513,39711
514,27407
515,34626
516,18508
517,20688
518,32447
519,30494
520,44459
521,35003
522,42768
523,20688
524,34626
525,30494
526,44459
527,35003
528,42768
529,7858
530,16088
531,20688
532,39711
533,27407
534,34626
535,20688
536,27407
537,30494
538,44459
539,35003
540,42768
541,20688
542,30494
543,35003
544,42768
545,39456
546,49950
547,16088
548,32448
549,20688
550,32637
551,32447
552,25670
553,20688
554,39711
555,34626
556,30494
557,44459
558,35003
559,7858
560,16088
561,32448
562,32447
563,25670
564,39711
565,20688
566,27407
567,44459
568,35003
569,42768
570,39456
571,20688
572,32447
573,25670
574,39711
575,27407
576,34626
577,7858
578,16088
579,32447
580,27407
581,30494
582,44459
583,7858
584,20688
585,32637
586,32447
587,25670
588,39711
589,7858
590,16088
591,32448
592,20688
593,32637
594,32447
595,18508
596,30494
597,24329
598,34753
599,26856
600,34914
601,32448
602,20688
603,32637
604,32447
605,25670
606,39711
607,16088
608,32448
609,20688
610,32637
611,32447
612,39711
613,32637
614,32447
615,25670
616,39711
617,34626
618,18508
619,20688
620,32637
621,32447
622,25670
623,39711
624,18508
625,7858
626,16088
627,20688
628,32637
629,32447
630,25670
631,7858
632,20688
633,32637
634,32447
635,27407
636,34626
637,20688
638,32637
639,35003
640,42768
641,39456
642,30055
643,20688
644,39711
645,44459
646,35003
647,42768
648,49950
649,7858
650,16088
651,20688
652,32637
653,32447
654,25670
655,7858
656,32448
657,20688
658,25670
659,39711
660,27407
661,20688
662,32637
663,32447
664,39711
665,18508
666,44459
667,20688
668,39711
669,18508
670,30494
671,44459
672,35003
673,16088
674,20688
675,32637
676,32447
677,25670
678,39711
679,7858
680,47638
681,30668
682,25910
683,25663
684,42684
685,30494
686,34753
687,34914
688,27488
689,38652
690,27585
691,16088
692,20688
693,32637
694,32447
695,25670
696,39711
697,20688
698,27407
699,18508
700,35003
701,38015
702,24329
703,32448
704,20688
705,32637
706,32447
707,25670
708,30494
709,32448
710,32637
711,32447
712,25670
713,39711
714,27407
715,20688
716,35003
717,42768
718,24329
719,34753
720,43044
721,20688
722,32637
723,32447
724,25670
725,39711
726,27407
727,16088
728,32637
729,32447
730,25670
731,39711
732,27407
733,20688
734,32447
735,39711
736,34626
737,30494
738,44459
739,7858
740,20688
741,32447
742,39711
743,27407
744,34626
745,7858
746,20688
747,32637
748,32447
749,27407
750,34626
751,7858
752,20688
753,25670
754,39711
755,27407
756,34626
757,20688
758,30494
759,35003
760,49950
761,30055
762,34753
763,35003
764,24329
765,34914
766,27488
767,38747
768,38652
769,7858
770,32447
771,25670
772,39711
773,27407
774,34626
775,16088
776,32448
777,20688
778,32637
779,25670
780,39711
781,16088
782,32448
783,25670
784,39711
785,34626
786,30494
787,16088
788,20688
789,32447
790,25670
791,39711
792,34626
793,32637
794,39711
795,34626
796,44459
797,42768
798,39456
799,20688
800,32447
801,39711
802,34626
803,30494
804,35003
805,32448
806,25670
807,39711
808,27407
809,34626
810,44459
811,20688
812,32637
813,32447
814,25670
815,39711
816,34626
817,7858
818,16088
819,20688
820,25670
821,39711
822,18508
823,7858
824,16088
825,32448
826,20688
827,32637
828,25670
829,20688
830,32637
831,32447
832,39711
833,18508
834,30494
835,20688
836,39711
837,27407
838,18508
839,30494
840,35003
841,32448
842,20688
843,25670
844,27407
845,30494
846,35003
847,7858
848,16088
849,32448
850,32447
851,25670
852,39711
853,32448
854,20688
855,32637
856,32447
857,25670
858,39711
859,20688
860,25670
861,30494
862,34753
863,34914
864,38747
865,20688
866,32637
867,32447
868,39711
869,34626
870,30494
871,32448
872,20688
873,32637
874,32447
875,25670
876,27407
877,20688
878,30494
879,35003
880,34753
881,34914
882,27488
883,7858
884,16088
885,20688
886,32637
887,32447
888,25670
889,7858
890,20688
891,32637
892,32447
893,39711
894,34626
895,16088
896,20688
897,39711
898,18508
899,30494
900,44459
901,16088
902,32448
903,20688
904,32637
905,39711
906,34626
907,20688
908,32637
909,30055
910,24329
911,34753
912,30668
913,7858
914,16088
915,20688
916,32637
917,32447
918,25670
919,16088
920,20688
921,32637
922,32447
923,25670
924,27407
925,32448
926,20688
927,39711
928,34626
929,30494
930,44459
931,20688
932,32637
933,32447
934,39711
935,27407
936,44459
937,20688
938,32637
939,39711
940,34626
941,35003
942,42768
943,7858
944,20688
945,44459
946,35003
947,49950
948,38015
949,32448
950,20688
951,32637
952,32447
953,25670
954,39711
955,20688
956,32637
957,32447
958,25670
959,39711
960,27407
961,32637
962,32447
963,39711
964,34626
965,44459
966,35003
967,20688
968,32637
969,32447
970,25670
971,39711
972,34626
973,20688
974,39711
975,34626
976,44459
977,35003
978,42768
979,16088
980,20688
981,32637
982,32447
983,25670
984,39711
985,7858
986,16088
987,32448
988,20688
989,32637
990,25670
991,7858
992,16088
993,20688
994,25670
995,39711
996,27407
997,7858
998,16088
999,32448
1000,20688
1001,25670
1002,39711
1003,20688
1004,32447
1005,39711
1006,30494
1007,44459
1008,35003
1009,20688
1010,18508
1011,44459
1012,35003
1013,39456
1014,49950
1015,30494
1016,35003
1017,42768
1018,41633
1019,38015
1020,34753
1021,20688
1022,32637
1023,32447
1024,25670
1025,39711
1026,27407
1027,20688
1028,32637
1029,32447
1030,25670
1031,39711
1032,27407
1033,7858
1034,16088
1035,32637
1036,25670
1037,39711
1038,27407
1039,32448
1040,25670
1041,30494
1042,39456
1043,49950
1044,34753
1045,20688
1046,32637
1047,44459
1048,35003
1049,42768
1050,49950
1051,7858
1052,16088
1053,20688
1054,32637
1055,32447
1056,27407
1057,7858
1058,20688
1059,32447
1060,25670
1061,27407
1062,18508
1063,7858
1064,20688
1065,32637
1066,27407
1067,18508
1068,30494
1069,32448
1070,20688
1071,25670
1072,34626
1073,35003
1074,42768
1075,20688
1076,32447
1077,39711
1078,34626
1079,30494
1080,44459
1081,16088
1082,20688
1083,32637
1084,32447
1085,25670
1086,39711
1087,20688
1088,34753
1089,34914
1090,38652
1091,35596
1092,30886
1093,27407
1094,35003
1095,42768
1096,24329
1097,47638
1098,43044
1099,20688
1100,32637
1101,32447
1102,25670
1103,39711
1104,18508
1105,7858
1106,20688
1107,32637
1108,25670
1109,39711
1110,27407
1111,7858
1112,16088
1113,32448
1114,20688
1115,25670
1116,39711
1117,20688
1118,35003
1119,34753
1120,34914
1121,38747
1122,38652
1123,7858
1124,16088
1125,32448
1126,20688
1127,32637
1128,32447
1129,20688
1130,32637
1131,32447
1132,25670
1133,39711
1134,34626
1135,16088
1136,20688
1137,32447
1138,18508
1139,44459
1140,35003
1141,35003
1142,42768
1143,34753
1144,34914
1145,38747
1146,38652
1147,7858
1148,16088
1149,32447
1150,25670
1151,39711
1152,27407
1153,20688
1154,32637
1155,32447
1156,39711
1157,34626
1158,30494
1159,32448
1160,20688
1161,32637
1162,44459
1163,35003
1164,30055
1165,20688
1166,32447
1167,39711
1168,44459
1169,39456
1170,41633
1171,32448
1172,20688
1173,32637
1174,32447
1175,25670
1176,39711
1177,20688
1178,32637
1179,32447
1180,25670
1181,39711
1182,27407
1183,32448
1184,20688
1185,39711
1186,27407
1187,34626
1188,30494
1189,7858
1190,32448
1191,32637
1192,32447
1193,25670
1194,39711
1195,20688
1196,32447
1197,30494
1198,35003
1199,38015
1200,24329
1201,16088
1202,20688
1203,25670
1204,39711
1205,27407
1206,34626
1207,20688
1208,25670
1209,39711
1210,27407
1211,34626
1212,18508
1213,32448
1214,20688
1215,32637
1216,32447
1217,39711
1218,44459
1219,20688
1220,32447
1221,18508
1222,30494
1223,35003
1224,42768
1225,20688
1226,32637
1227,32447
1228,39711
1229,34626
1230,18508
1231,32447
1232,25670
1233,39711
1234,30494
1235,49950
1236,24329
1237,20688
1238,39711
1239,34626
1240,30494
1241,35003
1242,42768
1243,20688
1244,25670
1245,39711
1246,34626
1247,18508
1248,44459
1249,7858
1250,16088
1251,32448
1252,20688
1253,32637
1254,25670
1255,7858
1256,16088
1257,20688
1258,32637
1259,25670
1260,39711
1261,32447
1262,25670
1263,39711
1264,27407
1265,34626
1266,18508
1267,20688
1268,35003
1269,42768
1270,49950
1271,24329
1272,47638
1273,7858
1274,20688
1275,35003
1276,42768
1277,24329
1278,34753
1279,7858
1280,16088
1281,32448
1282,20688
1283,32447
1284,27407
1285,20688
1286,32447
1287,25670
1288,39711
1289,27407
1290,34626
1291,7858
1292,32448
1293,20688
1294,32447
1295,25670
1296,39711
1297,7858
1298,16088
1299,32448
1300,32447
1301,25670
1302,39711
1303,32448
1304,20688
1305,32447
1306,39711
1307,30494
1308,44459
1309,32448
1310,32637
1311,32447
1312,25670
1313,39711
1314,27407
1315,7858
1316,16088
1317,32448
1318,20688
1319,32637
1320,32447
1321,20688
1322,32447
1323,39711
1324,27407
1325,30494
1326,44459
1327,7858
1328,16088
1329,32448
1330,20688
1331,32637
1332,32447
1333,32448
1334,20688
1335,32637
1336,32447
1337,25670
1338,27407
1339,20688
1340,35003
1341,42768
1342,49950
1343,24329
1344,47638
1345,7858
1346,32637
1347,32447
1348,25670
1349,39711
1350,18508
1351,20688
1352,25670
1353,30494
1354,44459
1355,35003
1356,41633
1357,32448
1358,20688
1359,32637
1360,32447
1361,25670
1362,39711
1363,7858
1364,16088
1365,32448
1366,20688
1367,32447
1368,25670
1369,16088
1370,20688
1371,32637
1372,32447
1373,25670
1374,39711
1375,32637
1376,32447
1377,25670
1378,39711
1379,27407
1380,34626
1381,32637
1382,27407
1383,34626
1384,18508
1385,30494
1386,39456
1387,20688
1388,32637
1389,32447
1390,39711
1391,34626
1392,30494
1393,20688
1394,39711
1395,30494
1396,44459
1397,35003
1398,42768
1399,7858
1400,16088
1401,32637
1402,25670
1403,34626
1404,18508
1405,7858
1406,20688
1407,32637
1408,32447
1409,25670
1410,39711
1411,20688
1412,25670
1413,39711
1414,27407
1415,30494
1416,44459
1417,7858
1418,16088
1419,20688
1420,32637
1421,32447
1422,25670
1423,32448
1424,25670
1425,39711
1426,18508
1427,30494
1428,44459
1429,25670
1430,34626
1431,42768
1432,39456
1433,47638
1434,34753
1435,20688
1436,39711
1437,44459
1438,35003
1439,42768
1440,39456
1441,7858
1442,16088
1443,32448
1444,32447
1445,25670
1446,27407
1447,16088
1448,32448
1449,32637
1450,32447
1451,39711
1452,30494
1453,7858
1454,20688
1455,32447
1456,25670
1457,39711
1458,27407
1459,44459
1460,42684
1461,48185
1462,30886
1463,45425
1464,42125
1465,7858
1466,16088
1467,32448
1468,20688
1469,32637
1470,25670
1471,20688
1472,32447
1473,34626
1474,35003
1475,42768
1476,49950
1477,16088
1478,20688
1479,32637
1480,25670
1481,27407
1482,18508
1483,7858
1484,32448
1485,20688
1486,32637
1487,32447
1488,25670
1489,32448
1490,20688
1491,32637
1492,32447
1493,39711
1494,34626
1495,7858
1496,16088
1497,20688
1498,32637
1499,39711
1500,27407
1501,39711
1502,35003
1503,42768
1504,38015
1505,24329
1506,43044
1507,20688
1508,32637
1509,18508
1510,34753
1511,30668
1512,11579
1513,16088
1514,20688
1515,25670
1516,39711
1517,27407
1518,30494
1519,32637
1520,25670
1521,30494
1522,35003
1523,24329
1524,34753
1525,20688
1526,24329
1527,34753
1528,11579
1529,34914
1530,17306
1531,32448
1532,20688
1533,39711
1534,44459
1535,35003
1536,42768
1537,32448
1538,20688
1539,32637
1540,32447
1541,39711
1542,34626
1543,16088
1544,20688
1545,32637
1546,32447
1547,25670
1548,39711
1549,20688
1550,25670
1551,39711
1552,18508
1553,44459
1554,35003
1555,20688
1556,30494
1557,35003
1558,42768
1559,24329
1560,34753
1561,7858
1562,20688
1563,32637
1564,32447
1565,25670
1566,39711
1567,16088
1568,20688
1569,27407
1570,35003
1571,42768
1572,24329
1573,7858
1574,16088
1575,32448
1576,20688
1577,32637
1578,32447
1579,20688
1580,32637
1581,25670
1582,18508
1583,30494
1584,35003
1585,20688
1586,32447
1587,39711
1588,18508
1589,30494
1590,35003
1591,39711
1592,27407
1593,39456
1594,49950
1595,38015
1596,47638
1597,20688
1598,32637
1599,32447
1600,39711
1601,34626
1602,30494
1603,16088
1604,32448
1605,20688
1606,32637
1607,32447
1608,39711
1609,20688
1610,34626
1611,30494
1612,35003
1613,24329
1614,34753
1615,27407
1616,30494
1617,35003
1618,38015
1619,47638
1620,11579
1621,32448
1622,20688
1623,32637
1624,25670
1625,27407
1626,35003
1627,20688
1628,32447
1629,39711
1630,30494
1631,44459
1632,35003
1633,7858
1634,32637
1635,32447
1636,39711
1637,34626
1638,18508
1639,7858
1640,16088
1641,20688
1642,32637
1643,32447
1644,25670
1645,7858
1646,16088
1647,32637
1648,32447
1649,25670
1650,39711
1651,32637
1652,32447
1653,39711
1654,30494
1655,44459
1656,35003
1657,16088
1658,32448
1659,20688
1660,32637
1661,39711
1662,27407
1663,7858
1664,16088
1665,32448
1666,20688
1667,32637
1668,32447
1669,27407
1670,18508
1671,44459
1672,42768
1673,49950
1674,41633
1675,16088
1676,32637
1677,32447
1678,39711
1679,27407
1680,34626
1681,32448
1682,20688
1683,32637
1684,32447
1685,39711
1686,34626
1687,7858
1688,20688
1689,32447
1690,39711
1691,34626
1692,18508
1693,16088
1694,20688
1695,32637
1696,32447
1697,25670
1698,39711
1699,20688
1700,32447
1701,39711
1702,30494
1703,44459
1704,35003
1705,20688
1706,39711
1707,30494
1708,44459
1709,35003
1710,42768
1711,34753
1712,38747
1713,38756
1714,48185
1715,42125
1716,49199
1717,32637
1718,32447
1719,25670
1720,39711
1721,34626
1722,18508
1723,32448
1724,39711
1725,35003
1726,42768
1727,39456
1728,47638
1729,7858
1730,16088
1731,32448
1732,32637
1733,32447
1734,25670
1735,20688
1736,32637
1737,32447
1738,39711
1739,27407
1740,34626
1741,7858
1742,16088
1743,32448
1744,20688
1745,32637
1746,32447
1747,35003
1748,34753
1749,38747
1750,38652
1751,38756
1752,48185
1753,7858
1754,16088
1755,20688
1756,32447
1757,39711
1758,27407
1759,32447
1760,25670
1761,39711
1762,27407
1763,34626
1764,30494
1765,7858
1766,16088
1767,32448
1768,20688
1769,32637
1770,32447
1771,20688
1772,32447
1773,39711
1774,18508
1775,30494
1776,44459
1777,16088
1778,32637
1779,32447
1780,25670
1781,34626
1782,18508
1783,16088
1784,32448
1785,20688
1786,32637
1787,32447
1788,25670
1789,20688
1790,25670
1791,39711
1792,34626
1793,18508
1794,30494
1795,7858
1796,16088
1797,20688
1798,32637
1799,32447
1800,34626
1801,32448
1802,25670
1803,27407
1804,34626
1805,18508
1806,44459
1807,16088
1808,27407
1809,42768
1810,30668
1811,25910
1812,11579
1813,49950
1814,47638
1815,38652
1816,45251
1817,49994
1818,50527
1819,7858
1820,16088
1821,32448
1822,20688
1823,32637
1824,32447
1825,7858
1826,16088
1827,32448
1828,20688
1829,25670
1830,39711
1831,16088
1832,20688
1833,32637
1834,25670
1835,18508
1836,30494
1837,20688
1838,35003
1839,42768
1840,49950
1841,47638
1842,34753
1843,20688
1844,32447
1845,25670
1846,39711
1847,34626
1848,30494
1849,20688
1850,32637
1851,32447
1852,25670
1853,18508
1854,30494
1855,35003
1856,39456
1857,49950
1858,30055
1859,26856
1860,17306
1861,16088
1862,32448
1863,20688
1864,39711
1865,27407
1866,30494
1867,7858
1868,16088
1869,20688
1870,35003
1871,42768
1872,24329
1873,20688
1874,32637
1875,32447
1876,39711
1877,30494
1878,44459
1879,7858
1880,20688
1881,32447
1882,34626
1883,18508
1884,30494
1885,7858
1886,16088
1887,20688
1888,32637
1889,25670
1890,39711
1891,32637
1892,25670
1893,39711
1894,27407
1895,18508
1896,44459
1897,7858
1898,20688
1899,25670
1900,27407
1901,18508
1902,30494
1903,7858
1904,20688
1905,32637
1906,32447
1907,18508
1908,30494
1909,7858
1910,20688
1911,25670
1912,30494
1913,35003
1914,42768
1915,16088
1916,20688
1917,27407
1918,44459
1919,35003
1920,42768
1921,20688
1922,25670
1923,39711
1924,34626
1925,18508
1926,44459
1927,32637
1928,32447
1929,25670
1930,39711
1931,27407
1932,18508
1933,20688
1934,27407
1935,34626
1936,18508
1937,30494
1938,30055
1939,27407
1940,30494
1941,44459
1942,24329
1943,30668
1944,26856
1945,16088
1946,32448
1947,20688
1948,32637
1949,32447
1950,25670
1951,35003
1952,24329
1953,34753
1954,11579
1955,26856
1956,35619
1957,20688
1958,30494
1959,35003
1960,42768
1961,49950
1962,38015
1963,32448
1964,32637
1965,32447
1966,39711
1967,34626
1968,44459
1969,20688
1970,32637
1971,32447
1972,39711
1973,34626
1974,30494
1975,20688
1976,39711
1977,44459
1978,42768
1979,39456
1980,41633
1981,20688
1982,32637
1983,32447
1984,39711
1985,34626
1986,30494
1987,20688
1988,32637
1989,32447
1990,25670
1991,39711
1992,34626
1993,32448
1994,20688
1995,25670
1996,39711
1997,34626
1998,30494
1999,7858
2000,16088
2001,32448
2002,20688
2003,32637
2004,25670
2005,7858
2006,16088
2007,32448
2008,20688
2009,32637
2010,34626
2011,20688
2012,39711
2013,34626
2014,30494
2015,44459
2016,35003
2017,7858
2018,16088
2019,20688
2020,32637
2021,25670
2022,39711
2023,20688
2024,32447
2025,25670
2026,39711
2027,34626
2028,18508
2029,20688
2030,39711
2031,44459
2032,35003
2033,42768
2034,49950
2035,7858
2036,16088
2037,32447
2038,25670
2039,39711
2040,27407
2041,20688
2042,39711
2043,34626
2044,30494
2045,44459
2046,35003
2047,7858
2048,16088
2049,32448
2050,20688
2051,32637
2052,32447
2053,7858
2054,20688
2055,32637
2056,25670
2057,39711
2058,27407
2059,16088
2060,20688
2061,32637
2062,32447
2063,39711
2064,18508
2065,20688
2066,35003
2067,39456
2068,34753
2069,25910
2070,26856
2071,20688
2072,32447
2073,25670
2074,34626
2075,18508
2076,30494
2077,20688
2078,32447
2079,39711
2080,34626
2081,30494
2082,44459
2083,20688
2084,34626
2085,44459
2086,35003
2087,42768
2088,41633
2089,20688
2090,32637
2091,30494
2092,44459
2093,39456
2094,49950
2095,20688
2096,32447
2097,39711
2098,30494
2099,35003
2100,42768
2101,16088
2102,25670
2103,39711
2104,27407
2105,34626
2106,18508
2107,32448
2108,20688
2109,32637
2110,32447
2111,25670
2112,39711
2113,32447
2114,25670
2115,39711
2116,18508
2117,30494
2118,44459
2119,20688
2120,32637
2121,32447
2122,25670
2123,39711
2124,27407
2125,20688
2126,27407
2127,35003
2128,24329
2129,34753
2130,34914
2131,20688
2132,32637
2133,32447
2134,39711
2135,27407
2136,34626
2137,16088
2138,20688
2139,44459
2140,35003
2141,42768
2142,39456
2143,7858
2144,32448
2145,20688
2146,25670
2147,39711
2148,27407
2149,7858
2150,32637
2151,25670
2152,18508
2153,30494
2154,30055
2155,16088
2156,32448
2157,20688
2158,32637
2159,32447
2160,39711
2161,20688
2162,24329
2163,34753
2164,26856
2165,34914
2166,26055
2167,20688
2168,32637
2169,32447
2170,39711
2171,34626
2172,30494
2173,16088
2174,20688
2175,39711
2176,18508
2177,30494
2178,44459
2179,16088
2180,20688
2181,32637
2182,32447
2183,25670
2184,34626
2185,7858
2186,16088
2187,32448
2188,20688
2189,32637
2190,25670
2191,7858
2192,20688
2193,32637
2194,25670
2195,34626
2196,18508
2197,32447
2198,25670
2199,39711
2200,34626
2201,30494
2202,44459
2203,20688
2204,32637
2205,32447
2206,25670
2207,39711
2208,34626
2209,35003
2210,24329
2211,34753
2212,43044
2213,34914
2214,28842
2215,7858
2216,16088
2217,20688
2218,44459
2219,35003
2220,39456
2221,39711
2222,30494
2223,44459
2224,35003
2225,49950
2226,41633
2227,39711
2228,30494
2229,44459
2230,42768
2231,39456
2232,49950
2233,7858
2234,20688
2235,25670
2236,27407
2237,34626
2238,30494
2239,20688
2240,32637
2241,32447
2242,27407
2243,18508
2244,30494
2245,7858
2246,16088
2247,20688
2248,32637
2249,32447
2250,39711
2251,39711
2252,34626
2253,18508
2254,30494
2255,44459
2256,35003
2257,7858
2258,20688
2259,32637
2260,32447
2261,25670
2262,39711
2263,32448
2264,32637
2265,32447
2266,39711
2267,34626
2268,44459
2269,32448
2270,32637
2271,25670
2272,39711
2273,27407
2274,18508
2275,32448
2276,32637
2277,32447
2278,39711
2279,34626
2280,18508
2281,7858
2282,20688
2283,32447
2284,27407
2285,34626
2286,44459
2287,7858
2288,16088
2289,32448
2290,20688
2291,32637
2292,32447
2293,7858
2294,16088
2295,32448
2296,20688
2297,25670
2298,39711
2299,32448
2300,20688
2301,32447
2302,25670
2303,39711
2304,34626
2305,20688
2306,32637
2307,18508
2308,30494
2309,35003
2310,42768
2311,7858
2312,16088
2313,20688
2314,27407
2315,34626
2316,18508
2317,32448
2318,20688
2319,32637
2320,32447
2321,25670
2322,39711
2323,20688
2324,27407
2325,30494
2326,35003
2327,42768
2328,30055
2329,25670
2330,30494
2331,34753
2332,34914
2333,17306
2334,38747
2335,20688
2336,32447
2337,39711
2338,30494
2339,44459
2340,35003
2341,20688
2342,32637
2343,32447
2344,25670
2345,39711
2346,27407
2347,7858
2348,16088
2349,32448
2350,20688
2351,25670
2352,39711
2353,20688
2354,32447
2355,39711
2356,35003
2357,42768
2358,38015
2359,32448
2360,20688
2361,32637
2362,32447
2363,39711
2364,34626
2365,7858
2366,20688
2367,39711
2368,34626
2369,35003
2370,42768
2371,20688
2372,39711
2373,27407
2374,30494
2375,44459
2376,35003
2377,7858
2378,16088
2379,32448
2380,32637
2381,32447
2382,25670
2383,7858
2384,16088
2385,32448
2386,20688
2387,32637
2388,25670
2389,20688
2390,30494
2391,35003
2392,42768
2393,49950
2394,38015
2395,20688
2396,35003
2397,34753
2398,34914
2399,38747
2400,38652
2401,20688
2402,35003
2403,26856
2404,34914
2405,38747
2406,38652
2407,7858
2408,16088
2409,32448
2410,32637
2411,32447
2412,25670
2413,20688
2414,32447
2415,25670
2416,39711
2417,34626
2418,30494
2419,16088
2420,20688
2421,32447
2422,30494
2423,49950
2424,41633
2425,16088
2426,32448
2427,18508
2428,30494
2429,35003
2430,42768
2431,20688
2432,32447
2433,44459
2434,35003
2435,42768
2436,41633
2437,20688
2438,32447
2439,39711
2440,30494
2441,44459
2442,35003
2443,20688
2444,39711
2445,30494
2446,44459
2447,35003
2448,49950
2449,16088
2450,32637
2451,25670
2452,39711
2453,27407
2454,18508
2455,32637
2456,39711
2457,34626
2458,30494
2459,44459
2460,35003
2461,7858
2462,16088
2463,20688
2464,32637
2465,25670
2466,39711
2467,20688
2468,32637
2469,25670
2470,39711
2471,34626
2472,30494
2473,32448
2474,20688
2475,32637
2476,32447
2477,39711
2478,27407
2479,27407
2480,30494
2481,35003
2482,24329
2483,25910
2484,11579
2485,7858
2486,32448
2487,20688
2488,32637
2489,32447
2490,25670
2491,16088
2492,25670
2493,27407
2494,18508
2495,39456
2496,30055
2497,7858
2498,16088
2499,32448
2500,20688
2501,32637
2502,32447
2503,20688
2504,32447
2505,30494
2506,35003
2507,42768
2508,39456
2509,16088
2510,32448
2511,20688
2512,32637
2513,32447
2514,25670
2515,20688
2516,32447
2517,39711
2518,44459
2519,35003
2520,42768
2521,32448
2522,25670
2523,27407
2524,35003
2525,42768
2526,34753
2527,32448
2528,20688
2529,32637
2530,39711
2531,44459
2532,35003
2533,7858
2534,16088
2535,32637
2536,25670
2537,27407
2538,18508
2539,20688
2540,32447
2541,30494
2542,35003
2543,25910
2544,26856
2545,20688
2546,32637
2547,32447
2548,25670
2549,39711
2550,27407
2551,20688
2552,32637
2553,32447
2554,39711
2555,34626
2556,18508
2557,7858
2558,20688
2559,32637
2560,32447
2561,25670
2562,39711
2563,7858
2564,16088
2565,18508
2566,42768
2567,34753
2568,25910
2569,7858
2570,16088
2571,32448
2572,32637
2573,32447
2574,25670
2575,20688
2576,25670
2577,35003
2578,24329
2579,34753
2580,30668
2581,7858
2582,16088
2583,32448
2584,20688
2585,27407
2586,44459
2587,16088
2588,32448
2589,20688
2590,32447
2591,25670
2592,39711
2593,32448
2594,20688
2595,32637
2596,32447
2597,39711
2598,34626
2599,7858
2600,16088
2601,32448
2602,20688
2603,32637
2604,32447
2605,20688
2606,32447
2607,25670
2608,39711
2609,18508
2610,30494
2611,25670
2612,30494
2613,42768
2614,34753
2615,25910
2616,26856
2617,7858
2618,16088
2619,20688
2620,32637
2621,32447
2622,25670
2623,20688
2624,44459
2625,35003
2626,42768
2627,49950
2628,41633
2629,20688
2630,32637
2631,32447
2632,25670
2633,27407
2634,34626
2635,39711
2636,27407
2637,44459
2638,35003
2639,42768
2640,49950
2641,7858
2642,16088
2643,20688
2644,32637
2645,32447
2646,25670
2647,7858
2648,16088
2649,32448
2650,20688
2651,32637
2652,32447
2653,7858
2654,20688
2655,32637
2656,39711
2657,27407
2658,18508
2659,7858
2660,16088
2661,32448
2662,20688
2663,32637
2664,32447
2665,7858
2666,32447
2667,25670
2668,39711
2669,27407
2670,30494
2671,7858
2672,16088
2673,32637
2674,32447
2675,25670
2676,27407
2677,20688
2678,32637
2679,32447
2680,39711
2681,34626
2682,30494
2683,20688
2684,32447
2685,27407
2686,30494
2687,44459
2688,35003
2689,32448
2690,32637
2691,27407
2692,34626
2693,30494
2694,44459
2695,32448
2696,20688
2697,32637
2698,32447
2699,39711
2700,27407
2701,20688
2702,32447
2703,39711
2704,34626
2705,18508
2706,30494
2707,32637
2708,39711
2709,39456
2710,49950
2711,24329
2712,30668
2713,7858
2714,16088
2715,32448
2716,25670
2717,27407
2718,18508
2719,20688
2720,30494
2721,35003
2722,49950
2723,38015
2724,24329
2725,7858
2726,20688
2727,32637
2728,32447
2729,39711
2730,34626
2731,20688
2732,32637
2733,39711
2734,34626
2735,44459
2736,35003
2737,20688
2738,39711
2739,34626
2740,18508
2741,30494
2742,44459
2743,20688
2744,39711
2745,18508
2746,30494
2747,44459
2748,35003
2749,16088
2750,20688
2751,25670
2752,39711
2753,34626
2754,18508
2755,7858
2756,16088
2757,20688
2758,32637
2759,32447
2760,39711
2761,20688
2762,32637
2763,18508
2764,30494
2765,35003
2766,42768
2767,20688
2768,35003
2769,42768
2770,49950
2771,38015
2772,24329
2773,20688
2774,27407
2775,44459
2776,35003
2777,42768
2778,49950
2779,7858
2780,20688
2781,32637
2782,32447
2783,25670
2784,39711
2785,32448
2786,32637
2787,32447
2788,25670
2789,39711
2790,34626
2791,30494
2792,44459
2793,35003
2794,42768
2795,49950
2796,24329
2797,7858
2798,16088
2799,32448
2800,20688
2801,32637
2802,32447
2803,20688
2804,32447
2805,39711
2806,27407
2807,30494
2808,44459
2809,32448
2810,20688
2811,32637
2812,32447
2813,25670
2814,39711
2815,16088
2816,32448
2817,20688
2818,32637
2819,32447
2820,39711
2821,20688
2822,32637
2823,32447
2824,27407
2825,30494
2826,44459
2827,7858
2828,16088
2829,20688
2830,32447
2831,25670
2832,39711
2833,7858
2834,16088
2835,20688
2836,32637
2837,32447
2838,25670
2839,16088
2840,32448
2841,20688
2842,32637
2843,25670
2844,39711
2845,20688
2846,39711
2847,27407
2848,34626
2849,30494
2850,49950
2851,32637
2852,34626
2853,44459
2854,35003
2855,42768
2856,41633
2857,7858
2858,16088
2859,32637
2860,32447
2861,25670
2862,39711
2863,16088
2864,20688
2865,35003
2866,24329
2867,34753
2868,25910
2869,32447
2870,39711
2871,34626
2872,30494
2873,44459
2874,35003
2875,7858
2876,32448
2877,32637
2878,32447
2879,25670
2880,39711
2881,20688
2882,32637
2883,32447
2884,25670
2885,39711
2886,27407
2887,7858
2888,20688
2889,32637
2890,32447
2891,25670
2892,39711
2893,30494
2894,47638
2895,34753
2896,27488
2897,38747
2898,49994
2899,32448
2900,20688
2901,32637
2902,32447
2903,25670
2904,34626
2905,7858
2906,20688
2907,25670
2908,39711
2909,27407
2910,18508
2911,7858
2912,16088
2913,20688
2914,25670
2915,39711
2916,27407
2917,32448
2918,20688
2919,32637
2920,32447
2921,39711
2922,27407
2923,20688
2924,42768
2925,24329
2926,47638
2927,34914
2928,27488
2929,20688
2930,32447
2931,27407
2932,34626
2933,44459
2934,35003
2935,7858
2936,20688
2937,32637
2938,32447
2939,39711
2940,27407
2941,7858
2942,20688
2943,32637
2944,25670
2945,27407
2946,35003
2947,7858
2948,16088
2949,32448
2950,20688
2951,32637
2952,32447
2953,20688
2954,32637
2955,32447
2956,25670
2957,39711
2958,27407
2959,7858
2960,32448
2961,20688
2962,39711
2963,34626
2964,30494
2965,7858
2966,16088
2967,20688
2968,32637
2969,32447
2970,25670
2971,20688
2972,32447
2973,39711
2974,34626
2975,44459
2976,35003
2977,7858
2978,16088
2979,32448
2980,20688
2981,32447
2982,25670
2983,20688
2984,32637
2985,32447
2986,39711
2987,18508
2988,30494
2989,32637
2990,30494
2991,24329
2992,47638
2993,43044
2994,26856
2995,16088
2996,32448
2997,32447
2998,25670
2999,39711
3000,18508
3001,7858
3002,16088
3003,20688
3004,32637
3005,32447
3006,25670
3007,16088
3008,20688
3009,25670
3010,27407
3011,30494
3012,35003
3013,7858
3014,16088
3015,20688
3016,32637
3017,32447
3018,25670
3019,20688
3020,32637
3021,32447
3022,25670
3023,39711
3024,27407
3025,44459
3026,35003
3027,42768
3028,11579
3029,34914
3030,35619
3031,7858
3032,16088
3033,32448
3034,20688
3035,32637
3036,32447
3037,7858
3038,20688
3039,39711
3040,27407
3041,30494
3042,35003
3043,16088
3044,32448
3045,32637
3046,39711
3047,34626
3048,18508
3049,35003
3050,34914
3051,38747
3052,38652
3053,38756
3054,48185
3055,20688
3056,32447
3057,39711
3058,27407
3059,30494
3060,44459
3061,7858
3062,16088
3063,32448
3064,20688
3065,32637
3066,32447
3067,20688
3068,32447
3069,39711
3070,30494
3071,35003
3072,42768
3073,20688
3074,32637
3075,32447
3076,39711
3077,27407
3078,34626
3079,7858
3080,16088
3081,32448
3082,32637
3083,32447
3084,25670
3085,20688
3086,34626
3087,30494
3088,44459
3089,49950
3090,47638
3091,7858
3092,16088
3093,32448
3094,20688
3095,32637
3096,32447
3097,7858
3098,16088
3099,32448
3100,20688
3101,25670
3102,39711
3103,16088
3104,32448
3105,20688
3106,32637
3107,25670
3108,39711
3109,20688
3110,32637
3111,32447
3112,34626
3113,30494
3114,44459
3115,20688
3116,30494
3117,42768
3118,34753
3119,43044
3120,27488
3121,20688
3122,32637
3123,25670
3124,44459
3125,35003
3126,49950
3127,16088
3128,32448
3129,32637
3130,32447
3131,25670
3132,39711
3133,7858
3134,16088
3135,25670
3136,39711
3137,34626
3138,18508
3139,20688
3140,30494
3141,35003
3142,42768
3143,39456
3144,49950
3145,20688
3146,32637
3147,32447
3148,39711
3149,34626
3150,18508
3151,7858
3152,16088
3153,20688
3154,32447
3155,25670
3156,39711
3157,7858
3158,16088
3159,32448
3160,32637
3161,32447
3162,25670
3163,25670
3164,39711
3165,44459
3166,24329
3167,26856
3168,17306
3169,16088
3170,20688
3171,32637
3172,32447
3173,25670
3174,18508
3175,7858
3176,16088
3177,25670
3178,30494
3179,49950
3180,24329
3181,32448
3182,20688
3183,32447
3184,25670
3185,27407
3186,30494
3187,20688
3188,32637
3189,32447
3190,34626
3191,30494
3192,44459
3193,20688
3194,32637
3195,39711
3196,27407
3197,18508
3198,44459
3199,16088
3200,32448
3201,20688
3202,32637
3203,32447
3204,39711
3205,20688
3206,32637
3207,32447
3208,25670
3209,39711
3210,34626
3211,7858
3212,16088
3213,32448
3214,20688
3215,32637
3216,32447
3217,44459
3218,35003
3219,49950
3220,34753
3221,34914
3222,38652
3223,20688
3224,32447
3225,39711
3226,34626
3227,18508
3228,30494
3229,20688
3230,30494
3231,35003
3232,42768
3233,49950
3234,24329
3235,7858
3236,20688
3237,32637
3238,27407
3239,34626
3240,30494
3241,32448
3242,20688
3243,25670
3244,39711
3245,30494
3246,44459
3247,20688
3248,30494
3249,44459
3250,35003
3251,42768
3252,49950
3253,16088
3254,32448
3255,20688
3256,32637
3257,32447
3258,39711
3259,20688
3260,32447
3261,35003
3262,42768
3263,49950
3264,41633
3265,20688
3266,32637
3267,34626
3268,35003
3269,42768
3270,49950
3271,20688
3272,32637
3273,39711
3274,18508
3275,39456
3276,24329
3277,20688
3278,32637
3279,32447
3280,25670
3281,39711
3282,34626
3283,20688
3284,35003
3285,42768
3286,24329
3287,34753
3288,34914
3289,32447
3290,49950
3291,47638
3292,34914
3293,17306
3294,38652
3295,20688
3296,32447
3297,39711
3298,30494
3299,44459
3300,35003
3301,32637
3302,32447
3303,25670
3304,39711
3305,34626
3306,18508
3307,20688
3308,32637
3309,32447
3310,30494
3311,35003
3312,42768
3313,32448
3314,20688
3315,32637
3316,32447
3317,39711
3318,34626
3319,39711
3320,44459
3321,35003
3322,49950
3323,47638
3324,27488
3325,7858
3326,20688
3327,39711
3328,34626
3329,30494
3330,44459
3331,7858
3332,18508
3333,30494
3334,49950
3335,38015
3336,24329
3337,32448
3338,20688
3339,32447
3340,25670
3341,39711
3342,27407
3343,20688
3344,32637
3345,32447
3346,25670
3347,39711
3348,34626
3349,32448
3350,20688
3351,32637
3352,25670
3353,39711
3354,27407
3355,7858
3356,16088
3357,20688
3358,39711
3359,34626
3360,30494
3361,20688
3362,39711
3363,27407
3364,34626
3365,30494
3366,44459
3367,7858
3368,16088
3369,32448
3370,32637
3371,32447
3372,25670
3373,20688
3374,32447
3375,25670
3376,39711
3377,30494
3378,44459
3379,32637
3380,25670
3381,27407
3382,18508
3383,30494
3384,35003
3385,39711
3386,34626
3387,35003
3388,42768
3389,49950
3390,41633
3391,7858
3392,16088
3393,32637
3394,39711
3395,27407
3396,34626
3397,7858
3398,32448
3399,20688
3400,27407
3401,30494
3402,44459
3403,16088
3404,20688
3405,27407
3406,30494
3407,44459
3408,35003
3409,34914
3410,38747
3411,38756
3412,48185
3413,35596
3414,30886
3415,7858
3416,16088
3417,32637
3418,32447
3419,27407
3420,30494
3421,16088
3422,20688
3423,32637
3424,32447
3425,25670
3426,39711
3427,44459
3428,35003
3429,42768
3430,49950
3431,47638
3432,34914
3433,7858
3434,16088
3435,20688
3436,32447
3437,25670
3438,39711
3439,20688
3440,32637
3441,32447
3442,39711
3443,27407
3444,18508
3445,7858
3446,16088
3447,32448
3448,32637
3449,32447
3450,39711
3451,20688
3452,32637
3453,32447
3454,39711
3455,34626
3456,30494
3457,20688
3458,27407
3459,18508
3460,35003
3461,42768
3462,49950
3463,20688
3464,32637
3465,32447
3466,25670
3467,39711
3468,27407
3469,20688
3470,25670
3471,39711
3472,30494
3473,44459
3474,35003
3475,16088
3476,32448
3477,20688
3478,32637
3479,39711
3480,34626
3481,7858
3482,16088
3483,32637
3484,32447
3485,25670
3486,39711
3487,7858
3488,20688
3489,25670
3490,39711
3491,27407
3492,30494
3493,32448
3494,20688
3495,32637
3496,32447
3497,25670
3498,39711
3499,7858
3500,16088
3501,20688
3502,32637
3503,27407
3504,30494
3505,20688
3506,27407
3507,30494
3508,35003
3509,42768
3510,39456
3511,39711
3512,39456
3513,49950
3514,24329
3515,47638
3516,25910
3517,32447
3518,39711
3519,30494
3520,44459
3521,35003
3522,42768
3523,20688
3524,39711
3525,30494
3526,35003
3527,38015
3528,24329
3529,7858
3530,32448
3531,20688
3532,32637
3533,32447
3534,39711
3535,32448
3536,32637
3537,32447
3538,25670
3539,39711
3540,27407
3541,20688
3542,32637
3543,39711
3544,18508
3545,30494
3546,35003
3547,20688
3548,32637
3549,25670
3550,39711
3551,34626
3552,18508
3553,7858
3554,16088
3555,20688
3556,39711
3557,27407
3558,30494
3559,20688
3560,44459
3561,35003
3562,42768
3563,49950
3564,24329
3565,20688
3566,39711
3567,30494
3568,44459
3569,35003
3570,42768
3571,20688
3572,34626
3573,35003
3574,42768
3575,39456
3576,41633
3577,20688
3578,44459
3579,38015
3580,24329
3581,26856
3582,34914
3583,25670
3584,39711
3585,27407
3586,18508
3587,30494
3588,44459
3589,7858
3590,16088
3591,32448
3592,20688
3593,32637
3594,32447
3595,32448
3596,20688
3597,32637
3598,32447
3599,39711
3600,27407
3601,25670
3602,30494
3603,24329
3604,11579
3605,26856
3606,17306
3607,20688
3608,32637
3609,32447
3610,39711
3611,34626
3612,44459
3613,16088
3614,32448
3615,20688
3616,32637
3617,32447
3618,25670
3619,32448
3620,20688
3621,32637
3622,32447
3623,39711
3624,34626
3625,20688
3626,32637
3627,32447
3628,25670
3629,39711
3630,27407
3631,44459
3632,42768
3633,49950
3634,47638
3635,43044
3636,34914
3637,7858
3638,16088
3639,32448
3640,32637
3641,32447
3642,25670
3643,20688
3644,32637
3645,32447
3646,39711
3647,34626
3648,44459
3649,20688
3650,32637
3651,32447
3652,25670
3653,27407
3654,18508
3655,16088
3656,32448
3657,20688
3658,32447
3659,25670
3660,39711
3661,20688
3662,32637
3663,30494
3664,44459
3665,35003
3666,42768
3667,7858
3668,16088
3669,20688
3670,32637
3671,25670
3672,27407
3673,20688
3674,47638
3675,34753
3676,26856
3677,27488
3678,38652
3679,7858
3680,20688
3681,32447
3682,27407
3683,34626
3684,18508
3685,7858
3686,16088
3687,32448
3688,20688
3689,32637
3690,32447
3691,20688
3692,32447
3693,25670
3694,39711
3695,30494
3696,44459
3697,20688
3698,35003
3699,42768
3700,47638
3701,34753
3702,11579
3703,20688
3704,32447
3705,25670
3706,39711
3707,34626
3708,18508
3709,7858
3710,16088
3711,32448
3712,20688
3713,32637
3714,25670
3715,7858
3716,16088
3717,32448
3718,20688
3719,32637
3720,32447
3721,20688
3722,18508
3723,30494
3724,35003
3725,42768
3726,39456
3727,20688
3728,32637
3729,32447
3730,25670
3731,39711
3732,44459
3733,7858
3734,16088
3735,32637
3736,32447
3737,25670
3738,39711
3739,26055
3740,42684
3741,27585
3742,36057
3743,48185
3744,37785
3745,20688
3746,32637
3747,32447
3748,39711
3749,34626
3750,18508
3751,32448
3752,20688
3753,32637
3754,27407
3755,30494
3756,35003
3757,20688
3758,32447
3759,25670
3760,39711
3761,27407
3762,30494
3763,7858
3764,20688
3765,32447
3766,18508
3767,30494
3768,35003
3769,7858
3770,20688
3771,32637
3772,32447
3773,25670
3774,39711
3775,16088
3776,32448
3777,32637
3778,32447
3779,25670
3780,39711
3781,7858
3782,16088
3783,32448
3784,32637
3785,32447
3786,25670
3787,44459
3788,35003
3789,42768
3790,49950
3791,38015
3792,34753
3793,7858
3794,16088
3795,20688
3796,32447
3797,25670
3798,39711
3799,44459
3800,49950
3801,47638
3802,34753
3803,43044
3804,34914
3805,7858
3806,32448
3807,20688
3808,32637
3809,32447
3810,25670
3811,7858
3812,16088
3813,32448
3814,20688
3815,32637
3816,32447
3817,20688
3818,32637
3819,32447
3820,39711
3821,34626
3822,30494
3823,7858
3824,16088
3825,25670
3826,34626
3827,35003
3828,30055
3829,20688
3830,39711
3831,44459
3832,49950
3833,38015
3834,24329
3835,7858
3836,16088
3837,20688
3838,32637
3839,32447
3840,39711
3841,7858
3842,16088
3843,32448
3844,20688
3845,32637
3846,32447
3847,32447
3848,25670
3849,39711
3850,34626
3851,30494
3852,44459
3853,7858
3854,20688
3855,25670
3856,39711
3857,18508
3858,30494
3859,20688
3860,32447
3861,25670
3862,39711
3863,27407
3864,34626
3865,16088
3866,32448
3867,20688
3868,25670
3869,39711
3870,27407
3871,7858
3872,39711
3873,27407
3874,30494
3875,35003
3876,42768
3877,7858
3878,16088
3879,20688
3880,32637
3881,25670
3882,39711
3883,7858
3884,16088
3885,32637
3886,32447
3887,25670
3888,27407
3889,7858
3890,16088
3891,32447
3892,25670
3893,27407
3894,18508
3895,7858
3896,20688
3897,32637
3898,32447
3899,25670
3900,39711
3901,32448
3902,20688
3903,32637
3904,32447
3905,39711
3906,34626
3907,7858
3908,16088
3909,20688
3910,32637
3911,32447
3912,39711
3913,20688
3914,32637
3915,39711
3916,44459
3917,35003
3918,42768
3919,32637
3920,32447
3921,25670
3922,39711
3923,34626
3924,18508
3925,20688
3926,25670
3927,39711
3928,30494
3929,35003
3930,49950
3931,16088
3932,20688
3933,32637
3934,32447
3935,25670
3936,39711
3937,32448
3938,20688
3939,32637
3940,32447
3941,25670
3942,39711
3943,32447
3944,25670
3945,39711
3946,35003
3947,42768
3948,41633
3949,32637
3950,32447
3951,25670
3952,39711
3953,18508
3954,30494
3955,7858
3956,16088
3957,32448
3958,20688
3959,32637
3960,25670
3961,7858
3962,16088
3963,20688
3964,32637
3965,32447
3966,25670
3967,7858
3968,16088
3969,20688
3970,32637
3971,32447
3972,25670
3973,25670
3974,39711
3975,30494
3976,44459
3977,35003
3978,42768
3979,20688
3980,32637
3981,32447
3982,25670
3983,34626
3984,44459
3985,20688
3986,39711
3987,30494
3988,35003
3989,42768
3990,49950
3991,7858
3992,32637
3993,32447
3994,25670
3995,39711
3996,27407
3997,20688
3998,32447
3999,30494
4000,44459
4001,35003
4002,42768
4003,16088
4004,32448
4005,25670
4006,27407
4007,18508
4008,30494
4009,20688
4010,39711
4011,30494
4012,35003
4013,49950
4014,41633
4015,20688
4016,39711
4017,35003
4018,49950
4019,38015
4020,24329
4021,32448
4022,20688
4023,32637
4024,32447
4025,25670
4026,39711
4027,7858
4028,16088
4029,32448
4030,20688
4031,32637
4032,32447
4033,32637
4034,25670
4035,39711
4036,18508
4037,30494
4038,44459
4039,32448
4040,20688
4041,32637
4042,32447
4043,39711
4044,27407
4045,7858
4046,16088
4047,20688
4048,32637
4049,32447
4050,25670
4051,32448
4052,32637
4053,32447
4054,25670
4055,39711
4056,27407
4057,20688
4058,32637
4059,32447
4060,39711
4061,27407
4062,34626
4063,20688
4064,32637
4065,32447
4066,34626
4067,30494
4068,44459
4069,20688
4070,35003
4071,42768
4072,34753
4073,34914
4074,38747
4075,7858
4076,20688
4077,32637
4078,32447
4079,39711
4080,27407
4081,25670
4082,39711
4083,27407
4084,35003
4085,42768
4086,49950
4087,32448
4088,20688
4089,32637
4090,32447
4091,39711
4092,34626
4093,7858
4094,32448
4095,20688
4096,25670
4097,39711
4098,27407
4099,16088
4100,32448
4101,25670
4102,18508
4103,30494
4104,49950
4105,20688
4106,32637
4107,32447
4108,25670
4109,39711
4110,34626
4111,20688
4112,32637
4113,32447
4114,18508
4115,35003
4116,42768
4117,16088
4118,20688
4119,32637
4120,32447
4121,25670
4122,39711
4123,20688
4124,32637
4125,39711
4126,18508
4127,30494
4128,35003
4129,20688
4130,32637
4131,32447
4132,25670
4133,39711
4134,27407
4135,7858
4136,16088
4137,32637
4138,25670
4139,27407
4140,34626
4141,20688
4142,32637
4143,27407
4144,35003
4145,42768
4146,39456
4147,30494
4148,35003
4149,42768
4150,38015
4151,24329
4152,34753
4153,20688
4154,32637
4155,32447
4156,25670
4157,39711
4158,34626
4159,20688
4160,32447
4161,25670
4162,39711
4163,27407
4164,34626
4165,7858
4166,16088
4167,20688
4168,32637
4169,32447
4170,25670
4171,7858
4172,16088
4173,20688
4174,25670
4175,27407
4176,34626
4177,20688
4178,44459
4179,35003
4180,39456
4181,49950
4182,38015
4183,20688
4184,32637
4185,32447
4186,25670
4187,39711
4188,34626
4189,16088
4190,20688
4191,32637
4192,32447
4193,25670
4194,39711
4195,16088
4196,20688
4197,32447
4198,39711
4199,34626
4200,18508
4201,16088
4202,20688
4203,32637
4204,32447
4205,25670
4206,39711
4207,7858
4208,20688
4209,32637
4210,32447
4211,27407
4212,18508
4213,7858
4214,20688
4215,25670
4216,27407
4217,44459
4218,35003
4219,7858
4220,16088
4221,20688
4222,32637
4223,32447
4224,25670
4225,16088
4226,20688
4227,32447
4228,25670
4229,39711
4230,27407
4231,32448
4232,20688
4233,32447
4234,39711
4235,27407
4236,34626
4237,7858
4238,16088
4239,20688
4240,32637
4241,25670
4242,39711
4243,16088
4244,32448
4245,20688
4246,32637
4247,32447
4248,25670
4249,7858
4250,20688
4251,32637
4252,32447
4253,39711
4254,27407
4255,7858
4256,16088
4257,20688
4258,32637
4259,25670
4260,39711
4261,20688
4262,39711
4263,34753
4264,34914
4265,38652
4266,49994
4267,7858
4268,20688
4269,32447
4270,25670
4271,39711
4272,27407
4273,20688
4274,32637
4275,32447
4276,39711
4277,34626
4278,30494
4279,20688
4280,30494
4281,35003
4282,42768
4283,38015
4284,34753
4285,7858
4286,20688
4287,39711
4288,18508
4289,30494
4290,44459
4291,7858
4292,16088
4293,20688
4294,32637
4295,32447
4296,39711
4297,7858
4298,32637
4299,32447
4300,25670
4301,39711
4302,27407
4303,7858
4304,20688
4305,32637
4306,32447
4307,25670
4308,18508
4309,16088
4310,32448
4311,32637
4312,32447
4313,25670
4314,39711
4315,20688
4316,25670
4317,18508
4318,30494
4319,35003
4320,49950
4321,7858
4322,20688
4323,32637
4324,32447
4325,25670
4326,39711
4327,32448
4328,20688
4329,32447
4330,25670
4331,39711
4332,27407
4333,16088
4334,20688
4335,25670
4336,18508
4337,30494
4338,24329
4339,7858
4340,16088
4341,20688
4342,32447
4343,27407
4344,34626
4345,7858
4346,16088
4347,20688
4348,32637
4349,32447
4350,25670
4351,7858
4352,16088
4353,32448
4354,25670
4355,39711
4356,27407
4357,20688
4358,35003
4359,38015
4360,24329
4361,47638
4362,30668
4363,7858
4364,16088
4365,32637
4366,27407
4367,30494
4368,35003
4369,20688
4370,32637
4371,32447
4372,39711
4373,34626
4374,30494
4375,7858
4376,32448
4377,20688
4378,32637
4379,32447
4380,25670
4381,25670
4382,27407
4383,34626
4384,30494
4385,44459
4386,35003
4387,7858
4388,32448
4389,20688
4390,25670
4391,27407
4392,34626
4393,32637
4394,32447
4395,39711
4396,30494
4397,41633
4398,24329
4399,7858
4400,16088
4401,32448
4402,20688
4403,32447
4404,25670
4405,32448
4406,20688
4407,32637
4408,32447
4409,27407
4410,34626
4411,32448
4412,32447
4413,25670
4414,39711
4415,27407
4416,34626
4417,32448
4418,20688
4419,32637
4420,32447
4421,25670
4422,39711
4423,16088
4424,32637
4425,25670
4426,39711
4427,18508
4428,30494
4429,20688
4430,32447
4431,35003
4432,42768
4433,49950
4434,41633
4435,32447
4436,39711
4437,30494
4438,49950
4439,41633
4440,47638
4441,7858
4442,20688
4443,32637
4444,39711
4445,27407
4446,34626
4447,20688
4448,35003
4449,38015
4450,34753
4451,34914
4452,28842
4453,32448
4454,20688
4455,32637
4456,30494
4457,44459
4458,49950
4459,7858
4460,16088
4461,32448
4462,20688
4463,32637
4464,32447
4465,16088
4466,32447
4467,25670
4468,39711
4469,34626
4470,44459
4471,32448
4472,20688
4473,18508
4474,35003
4475,42768
4476,49950
4477,20688
4478,32637
4479,32447
4480,39711
4481,34626
4482,30494
4483,20688
4484,30494
4485,35003
4486,42768
4487,39456
4488,41633
4489,7858
4490,16088
4491,20688
4492,25670
4493,39711
4494,27407
4495,7858
4496,16088
4497,20688
4498,32637
4499,32447
4500,25670
4501,20688
4502,32637
4503,25670
4504,39711
4505,27407
4506,18508
4507,20688
4508,30494
4509,44459
4510,47638
4511,34753
4512,34914
4513,20688
4514,32637
4515,30494
4516,42768
4517,30668
4518,25663
4519,20688
4520,25670
4521,39711
4522,27407
4523,44459
4524,35003
4525,32447
4526,25670
4527,39711
4528,30494
4529,35003
4530,39456
4531,16088
4532,25670
4533,18508
4534,30494
4535,39456
4536,24329
4537,32448
4538,20688
4539,32637
4540,32447
4541,39711
4542,27407
4543,7858
4544,16088
4545,20688
4546,32637
4547,39711
4548,34626
4549,20688
4550,32637
4551,32447
4552,39711
4553,27407
4554,18508
4555,16088
4556,32448
4557,20688
4558,32637
4559,25670
4560,27407
4561,32448
4562,20688
4563,32637
4564,32447
4565,39711
4566,27407
4567,7858
4568,16088
4569,20688
4570,32637
4571,32447
4572,25670
4573,7858
4574,16088
4575,20688
4576,25670
4577,39711
4578,27407
4579,7858
4580,32448
4581,20688
4582,32637
4583,32447
4584,39711
4585,7858
4586,20688
4587,32637
4588,32447
4589,39711
4590,27407
4591,7858
4592,16088
4593,20688
4594,25670
4595,27407
4596,30494
4597,16088
4598,20688
4599,32447
4600,25670
4601,39711
4602,34626
4603,32448
4604,20688
4605,32637
4606,32447
4607,39711
4608,34626
4609,7858
4610,16088
4611,32637
4612,32447
4613,25670
4614,39711
4615,7858
4616,16088
4617,32448
4618,25670
4619,27407
4620,34626
4621,16088
4622,20688
4623,25670
4624,27407
4625,30494
4626,44459
4627,16088
4628,20688
4629,32637
4630,32447
4631,25670
4632,39711
4633,7858
4634,32637
4635,32447
4636,25670
4637,39711
4638,27407
4639,16088
4640,32637
4641,32447
4642,25670
4643,39711
4644,18508
4645,32448
4646,20688
4647,32637
4648,32447
4649,25670
4650,39711
4651,7858
4652,16088
4653,32637
4654,25670
4655,39711
4656,27407
4657,20688
4658,39711
4659,30494
4660,44459
4661,49950
4662,47638
4663,34914
4664,35596
4665,49123
4666,31762
4667,39605
4668,33059
4669,16088
4670,32448
4671,32637
4672,32447
4673,25670
4674,39711
4675,32448
4676,20688
4677,32637
4678,32447
4679,25670
4680,39711
4681,16088
4682,20688
4683,32447
4684,25670
4685,39711
4686,34626
4687,7858
4688,32448
4689,39711
4690,34626
4691,18508
4692,44459
4693,16088
4694,20688
4695,18508
4696,30494
4697,35003
4698,30055
4699,20688
4700,30494
4701,34753
4702,26856
4703,34914
4704,38747
4705,20688
4706,32637
4707,39711
4708,30494
4709,44459
4710,35003
4711,32448
4712,32637
4713,32447
4714,25670
4715,39711
4716,34626
4717,16088
4718,20688
4719,32447
4720,25670
4721,39711
4722,34626
4723,20688
4724,35003
4725,39456
4726,24329
4727,34753
4728,34914
4729,16088
4730,32448
4731,20688
4732,32637
4733,32447
4734,25670
4735,20688
4736,44459
4737,35003
4738,42768
4739,49950
4740,47638
4741,25670
4742,18508
4743,35003
4744,42768
4745,39456
4746,49950
4747,32448
4748,20688
4749,32637
4750,32447
4751,39711
4752,27407
4753,7858
4754,16088
4755,32448
4756,20688
4757,32637
4758,32447
4759,7858
4760,16088
4761,20688
4762,39711
4763,27407
4764,34626
4765,32447
4766,34626
4767,30494
4768,35003
4769,30055
4770,24329
4771,34626
4772,30494
4773,24329
4774,34753
4775,34914
4776,28842
4777,16088
4778,32448
4779,20688
4780,32637
4781,32447
4782,25670
4783,7858
4784,20688
4785,32447
4786,25670
4787,39711
4788,27407
4789,7858
4790,32448
4791,20688
4792,32637
4793,32447
4794,39711
4795,32448
4796,20688
4797,39711
4798,30494
4799,44459
4800,35003
4801,7858
4802,32447
4803,18508
4804,35003
4805,42768
4806,34753
4807,16088
4808,20688
4809,32637
4810,32447
4811,25670
4812,39711
4813,7858
4814,16088
4815,32448
4816,20688
4817,27407
4818,34626
4819,20688
4820,39711
4821,44459
4822,42768
4823,49950
4824,41633
4825,20688
4826,25670
4827,35003
4828,34753
4829,26856
4830,34914
4831,7858
4832,20688
4833,32447
4834,27407
4835,34626
4836,18508
4837,7858
4838,16088
4839,32448
4840,20688
4841,32637
4842,32447
4843,20688
4844,39711
4845,27407
4846,35003
4847,42768
4848,41633
4849,20688
4850,32637
4851,32447
4852,34626
4853,30494
4854,44459
4855,32448
4856,32447
4857,39711
4858,34626
4859,30494
4860,44459
4861,20688
4862,32447
4863,39711
4864,44459
4865,35003
4866,42768
4867,16088
4868,20688
4869,32637
4870,39711
4871,27407
4872,34626
4873,32637
4874,32447
4875,25670
4876,39711
4877,34626
4878,18508
4879,42768
4880,47638
4881,30668
4882,11579
4883,43044
4884,28842
4885,16088
4886,32448
4887,20688
4888,32637
4889,25670
4890,39711
4891,20688
4892,25670
4893,39711
4894,27407
4895,44459
4896,35003
4897,32637
4898,32447
4899,27407
4900,34626
4901,30494
4902,35003
4903,20688
4904,32447
4905,39711
4906,18508
4907,30494
4908,44459
4909,32448
4910,20688
4911,32637
4912,32447
4913,39711
4914,27407
4915,20688
4916,39711
4917,18508
4918,30494
4919,35003
4920,42768
4921,20688
4922,32447
4923,39711
4924,30494
4925,44459
4926,35003
4927,20688
4928,32637
4929,32447
4930,25670
4931,39711
4932,27407
4933,32448
4934,20688
4935,32637
4936,27407
4937,34626
4938,18508
4939,32637
4940,32447
4941,39711
4942,27407
4943,34626
4944,30494
4945,35003
4946,34753
4947,34914
4948,38652
4949,50527
4950,48185
4951,32447
4952,39711
4953,34626
4954,44459
4955,35003
4956,42768
4957,32448
4958,20688
4959,39711
4960,27407
4961,34626
4962,18508
4963,20688
4964,32637
4965,25670
4966,30494
4967,35003
4968,41633
4969,7858
4970,20688
4971,32637
4972,32447
4973,25670
4974,39711
4975,39711
4976,27407
4977,44459
4978,35003
4979,42768
4980,49950
4981,7858
4982,16088
4983,32637
4984,27407
4985,30494
4986,44459
4987,20688
4988,32637
4989,32447
4990,39711
4991,27407
4992,34626
4993,16088
4994,25670
4995,39711
4996,27407
4997,18508
4998,44459
4999,32447
5000,30494
5001,44459
5002,42768
5003,41633
5004,38015
5005,32448
5006,20688
5007,32637
5008,32447
5009,39711
5010,34626
5011,16088
5012,20688
5013,35003
5014,42768
5015,38015
5016,24329
5017,7858
5018,20688
5019,32447
5020,25670
5021,39711
5022,27407
5023,32448
5024,20688
5025,32637
5026,32447
5027,25670
5028,39711
5029,16088
5030,32448
5031,20688
5032,32637
5033,32447
5034,25670
5035,16088
5036,20688
5037,32447
5038,39711
5039,34626
5040,30494
5041,20688
5042,25670
5043,35003
5044,42768
5045,49950
5046,41633
5047,20688
5048,32447
5049,39711
5050,34626
5051,30494
5052,44459
5053,32637
5054,32447
5055,39711
5056,27407
5057,34626
5058,30494
5059,44459
5060,42768
5061,39456
5062,49950
5063,38015
5064,47638
5065,7858
5066,20688
5067,25670
5068,39711
5069,27407
5070,18508
5071,20688
5072,24329
5073,47638
5074,34753
5075,34914
5076,17306
5077,32448
5078,20688
5079,32637
5080,32447
5081,39711
5082,34626
5083,20688
5084,32637
5085,32447
5086,39711
5087,34626
5088,18508
5089,7858
5090,16088
5091,32448
5092,32637
5093,32447
5094,25670
5095,32448
5096,20688
5097,32637
5098,32447
5099,25670
5100,39711
5101,7858
5102,16088
5103,20688
5104,32637
5105,32447
5106,25670
5107,7858
5108,16088
5109,32448
5110,20688
5111,32637
5112,25670
5113,7858
5114,32448
5115,32637
5116,32447
5117,25670
5118,39711
5119,7858
5120,16088
5121,20688
5122,32637
5123,25670
5124,39711
5125,7858
5126,16088
5127,32448
5128,20688
5129,32637
5130,39711
5131,20688
5132,25670
5133,30494
5134,44459
5135,35003
5136,42768
5137,7858
5138,16088
5139,32448
5140,32637
5141,32447
5142,25670
5143,7858
5144,20688
5145,32447
5146,25670
5147,39711
5148,27407
5149,7858
5150,16088
5151,32448
5152,32637
5153,32447
5154,25670
5155,32448
5156,32637
5157,32447
5158,25670
5159,34626
5160,30494
5161,20688
5162,35003
5163,42768
5164,49950
5165,34753
5166,43044
5167,16088
5168,20688
5169,25670
5170,39711
5171,30494
5172,44459
5173,20688
5174,39711
5175,27407
5176,35003
5177,42768
5178,30055
5179,32637
5180,25670
5181,34626
5182,18508
5183,44459
5184,42768
5185,32637
5186,32447
5187,18508
5188,30494
5189,44459
5190,49950
5191,30494
5192,38015
5193,34753
5194,30668
5195,25910
5196,34914
5197,16088
5198,20688
5199,39711
5200,27407
5201,34626
5202,30494
5203,32448
5204,20688
5205,32637
5206,32447
5207,39711
5208,34626
5209,20688
5210,32637
5211,39711
5212,18508
5213,30494
5214,44459
5215,20688
5216,32637
5217,32447
5218,39711
5219,27407
5220,34626
5221,20688
5222,32637
5223,32447
5224,27407
5225,30494
5226,35003
5227,16088
5228,20688
5229,32637
5230,39711
5231,18508
5232,44459
5233,20688
5234,32637
5235,32447
5236,39711
5237,34626
5238,18508
5239,20688
5240,32447
5241,25670
5242,39711
5243,18508
5244,30494
5245,32448
5246,39711
5247,27407
5248,44459
5249,35003
5250,42768
5251,7858
5252,16088
5253,18508
5254,30494
5255,24329
5256,34753
5257,20688
5258,39711
5259,35003
5260,42768
5261,49950
5262,24329
5263,7858
5264,16088
5265,32448
5266,20688
5267,32637
5268,32447
5269,7858
5270,16088
5271,20688
5272,32637
5273,39711
5274,27407
5275,7858
5276,20688
5277,27407
5278,18508
5279,30494
5280,35003
5281,20688
5282,32637
5283,32447
5284,39711
5285,27407
5286,34626
5287,32448
5288,20688
5289,32637
5290,32447
5291,39711
5292,34626
5293,16088
5294,32637
5295,25670
5296,39711
5297,18508
5298,30494
5299,32448
5300,20688
5301,32637
5302,32447
5303,39711
5304,34626
5305,32448
5306,32637
5307,39711
5308,34626
5309,18508
5310,30494
5311,7858
5312,20688
5313,32637
5314,39711
5315,27407
5316,30494
5317,20688
5318,32637
5319,32447
5320,39711
5321,34626
5322,30494
5323,20688
5324,32637
5325,32447
5326,35003
5327,42768
5328,49950
5329,30494
5330,35003
5331,49950
5332,38015
5333,24329
5334,34753
5335,20688
5336,44459
5337,35003
5338,42768
5339,49950
5340,24329
5341,20688
5342,18508
5343,30494
5344,38015
5345,24329
5346,34753
5347,32448
5348,20688
5349,32637
5350,32447
5351,25670
5352,39711
5353,7858
5354,16088
5355,32637
5356,32447
5357,39711
5358,27407
5359,7858
5360,16088
5361,32448
5362,20688
5363,32637
5364,32447
5365,7858
5366,20688
5367,32447
5368,25670
5369,34626
5370,44459
5371,20688
5372,25670
5373,42768
5374,24329
5375,26856
5376,34914
5377,7858
5378,16088
5379,20688
5380,32637
5381,32447
5382,25670
5383,20688
5384,32637
5385,32447
5386,25670
5387,39711
5388,27407
5389,7858
5390,16088
5391,20688
5392,32637
5393,25670
5394,39711
5395,20688
5396,32637
5397,34626
5398,18508
5399,30494
5400,44459
5401,7858
5402,16088
5403,20688
5404,32637
5405,25670
5406,39711
5407,16088
5408,32448
5409,32637
5410,32447
5411,25670
5412,39711
5413,20688
5414,39711
5415,34626
5416,44459
5417,39456
5418,49950
5419,20688
5420,27407
5421,30494
5422,44459
5423,35003
5424,42768
5425,27407
5426,34753
5427,34914
5428,38747
5429,38756
5430,48185
5431,16088
5432,20688
5433,32637
5434,39711
5435,27407
5436,30494
5437,20688
5438,32637
5439,39711
5440,30494
5441,35003
5442,42768
5443,7858
5444,16088
5445,32448
5446,20688
5447,32637
5448,25670
5449,32637
5450,32447
5451,39711
5452,34626
5453,30494
5454,44459
5455,32448
5456,32637
5457,32447
5458,39711
5459,27407
5460,34626
5461,32448
5462,20688
5463,32637
5464,32447
5465,25670
5466,39711
5467,32448
5468,20688
5469,32637
5470,32447
5471,25670
5472,27407
5473,20688
5474,32447
5475,27407
5476,18508
5477,30494
5478,44459
5479,16088
5480,32637
5481,25670
5482,39711
5483,34626
5484,18508
5485,7858
5486,16088
5487,25670
5488,39711
5489,27407
5490,34626
5491,16088
5492,20688
5493,32447
5494,25670
5495,34626
5496,18508
5497,16088
5498,20688
5499,32637
5500,32447
5501,25670
5502,39711
5503,20688
5504,32637
5505,30494
5506,35003
5507,41633
5508,34753
5509,32448
5510,20688
5511,32637
5512,32447
5513,25670
5514,39711
5515,32448
5516,20688
5517,32637
5518,32447
5519,25670
5520,39711
5521,16088
5522,32448
5523,32637
5524,32447
5525,25670
5526,39711
5527,16088
5528,20688
5529,32447
5530,25670
5531,39711
5532,34626
5533,7858
5534,16088
5535,32448
5536,20688
5537,32637
5538,32447
5539,20688
5540,25670
5541,39711
5542,30494
5543,44459
5544,49950
5545,7858
5546,16088
5547,32448
5548,20688
5549,32637
5550,32447
5551,32448
5552,32637
5553,32447
5554,25670
5555,39711
5556,34626
5557,20688
5558,32637
5559,25670
5560,39711
5561,18508
5562,30494
5563,32637
5564,32447
5565,39711
5566,27407
5567,30494
5568,44459
5569,16088
5570,20688
5571,32637
5572,32447
5573,25670
5574,39711
5575,32637
5576,30494
5577,44459
5578,35003
5579,42768
5580,30055
5581,20688
5582,32637
5583,32447
5584,25670
5585,39711
5586,34626
5587,7858
5588,16088
5589,32448
5590,20688
5591,32637
5592,32447
5593,7858
5594,16088
5595,32448
5596,32637
5597,32447
5598,25670
5599,32448
5600,20688
5601,32637
5602,27407
5603,34626
5604,18508
5605,20688
5606,32447
5607,39711
5608,30494
5609,35003
5610,42768
5611,20688
5612,32637
5613,27407
5614,44459
5615,35003
5616,42768
